"Accession","Family","Genus","Country","State","County","Locality","Date","Collector"
9038557,"Telemidae","Usofila","USA","California","Contra Costa","Mt. Diablo, N. Gate Rd.","22/2/1991","D Ubick"
9038558,"Telemidae","Usofila","USA","California","Contra Costa","Mt. Diablo, N. Gate Rd.","22/2/1991","D Ubick"
9038559,"Telemidae","Usofila","USA","California","Contra Costa","Mt. Diablo, N. Gate Rd.","22/2/1991","D Ubick"
9038560,"Telemidae","Usofila","USA","California","Contra Costa","Orinda (1 Mi. W.)","12/12/1953","V Roth"
9038561,"Telemidae","Usofila","USA","California","Contra Costa","Orinda Village","5/12/1953","W Ferguson"
9038562,"Telemidae","Usofila","USA","California","Contra Costa","Redwood Park","18/5/1953","R Schuster, EE Gilbert"
9038775,"Telemidae","Usofila","USA","California","Contra Costa","Richmond Univ. Calif Richmond Field Station","27/3/1961",NA
