"Accession","Family","Genus","Country","State","County","Locality","Date","Collector"
9038563,"Telemidae","Usofila","USA","California","El Dorado","3 mi N Placerville","18/5/1961","RO Schuster"
9038564,"Telemidae","Usofila","USA","California","El Dorado","Alabaster Cave","1/9/1962","L Readdy"
9038565,"Telemidae","Usofila","USA","California","El Dorado","Alabaster Cave","1/9/1962","L Readdy"
9038566,"Telemidae","Usofila","USA","California","El Dorado","Alabaster Cave","18/3/1946","Marx"
9038568,"Telemidae","Usofila","USA","California","El Dorado","Kyburg (Kyburz)","2/6/1962","SF Bailey"
9038569,"Telemidae","Usofila","USA","California","El Dorado","Nr. Nashville","25/4/1958","LM Smith, RO Schuster"
9038570,"Telemidae","Usofila","USA","California","El Dorado","Nr. Nashville","5/3/1958","LM Smith, RO Schuster"
9038571,"Telemidae","Usofila","USA","California","El Dorado","Riverton","22/2/1958","RO Schuster"
9038572,"Telemidae","Usofila","USA","California","El Dorado","4 mi W of Kyburz","15/9/1959","WJ Gertsch, V Roth"
