"Accession","Family","Genus","Country","State","County","Locality","Date","Collector"
9038500,"Telemidae","Usofila","USA","California","Placer","4mW Newcastle","10/3/1959","LM Smith, RO Schuster"
9038501,"Telemidae","Usofila","USA","California","Placer","4mW Newcastle","3/1/1959","F Raney, RO Schuster"
9038502,"Telemidae","Usofila","USA","California","Placer","4mW Newcastle","10/3/1959","LM Smith, RO Schuster"
9038503,"Telemidae","Usofila","USA","California","Placer","4mW Newcastle","21/3/1958","H Lange, LM Smith, RO Schuster"
9038504,"Telemidae","Usofila","USA","California","Placer","4mW Newcastle","3/1/1959","F Raney, RO Schuster"
9038505,"Telemidae","Usofila","USA","California","Placer","4mW Newcastle","19/3/1959","LM Smith, RO Schuster"
9038506,"Telemidae","Usofila","USA","California","Placer","4mW Newcastle","10/3/1959","LM Smith, RO Schuster"
9038507,"Telemidae","Usofila","USA","California","Placer","Newcastle","12/3/1958","LM Smith, RO Schuster"
