"Accession","Family","Genus","Country","State","County","Locality","Date","Collector"
9038553,"Telemidae","Usofila","USA","California","San Mateo","1 mi S La Honda","29/6/1990","D Ubick"
9038554,"Telemidae","Usofila","USA","California","San Mateo","Alpine Road, 0.5 mi SE Pescadero Rd.","18/11/1988","D Ubick"
9038555,"Telemidae","Usofila","USA","California","San Mateo","E end Purisima Ck. Redwoods Open Space","16/5/1991","D Ubick"
9038556,"Telemidae","Usofila","USA","California","San Mateo","Scarper Peak Road, 1.3 mi SE El Granada-Pilarcitos Lake Rd.","13/7/2001","TS Briggs, D + S Ubick"
9038770,"Telemidae","Usofila","USA","California","San Mateo","Pescadero Beach RB-1","5/11/1961","PR Craig, D Dailey, R Dailey"
9038782,"Telemidae","Usofila","USA","California","San Mateo","Purisima Co. Park","13/9/1986","T Briggs, T Ohsumi"
9038785,"Telemidae","Usofila","USA","California","San Mateo","Edgewood Co. Park, Serpentine Trail","2/1/1987","TS Briggs, VF Lee, D Ubick"
