"Accession","Family","Genus","Country","State","County","Locality","Date","Collector"
9038543,"Telemidae","Usofila","USA","California","Santa Cruz","6mNE Boulder Cr.","28/8/1957","I Newell"
9038544,"Telemidae","Usofila","USA","California","Santa Cruz","Big Basin","14/6/1953","PP Cook"
9038545,"Telemidae","Usofila","USA","California","Santa Cruz","Boulder Creek","23/12/1953","V Roth"
9038546,"Telemidae","Usofila","USA","California","Santa Cruz","Cave Gulch at Empire Grade Rd.","18/2/1991","D Ubick"
9034549,"Telemidae","Usofila","USA","California","Santa Cruz","Empire Cave","8/7/1989","D Ubick, S Fend, S Renkes"
9038550,"Telemidae","Usofila","USA","California","Santa Cruz","Dolloff Cave","28/8/1963","R Graham"
9034551,"Telemidae","Usofila","USA","California","Santa Cruz","Empire Grade Rd, 0.3 mi s Ben Lomond Youth Cmp.","18/2/1991","D Ubick"
9034552,"Telemidae","Usofila","USA","California","Santa Cruz","Santa Cruz, IXL Cave, Hell Hole Cave","21/4/1979","Rudolph, Dowan, canIngen"
