"Accession","Family","Genus","Country","State","County","Locality","Date","Collector"
9038624,"Telemidae","Usofila","USA","California","Santa Clara","9.0 mi N Bell Station","10/2/1991","D Ubick"
9038625,"Telemidae","Usofila","USA","California","Santa Clara","Henry Coe St. Pk: midway bet Manzanita Pt. Group Comp and Madrone Soda Spr.","11/3/1989","D Ubick"
9038626,"Telemidae","Usofila","USA","California","Santa Clara","Henry Coe St. Pk: 9.2 mi N Bell Station: N Fork Pacheco Ck","31/3/1989","D Ubick"
9038627,"Telemidae","Usofila","USA","California","Santa Clara","Santa Teresa County Park, Serpentine Grassland","20/2/1989","D Ubick"
9038628,"Telemidae","Usofila","USA","California","Santa Clara","Mt. Madonna","2/1/1954","R Burdick"
9038629,"Telemidae","Usofila","USA","California","Santa Clara","Stevens Creek","2/6/1957","RO Schuster"
9038724,"Telemidae","Usofila","USA","California","Santa Clara","Santa Teresa County Park","26/1/1990","D Ubick"
9038776,"Telemidae","Usofila","USA","California","Santa Clara","1.8 mi N of US Hwy 101 on Metcalf Road","2/1/1983","TS Briggs, D Ubick, VF Lee"
