"Accession","Family","Genus","Country","State","County","Locality","Date","Collector"
9038641,"Telemidae","Usofila","USA","California","Trinity","Indian Valley Ck., just E. of Cave","27/10/1990","D Ubick"
9038642,"Telemidae","Usofila","USA","California","Trinity","Indian Valley Ck. Cave, 4 air mi SSE Hyampom","31/8/1996","D Ubick"
9038643,"Telemidae","Usofila","USA","California","Trinity","Big Slide Cmpg., N of Hyampom","13/8/1990","D Ubick"
9038644,"Telemidae","Usofila","USA","California","Trinity","Indian Valley Creek Cave","27/10/1990","D Ubick, W Rauscher"
9038645,"Telemidae","Usofila","USA","California","Trinity","Cave nr. Forest Glen Cave","20/10/1989","D Ubick"
9038646,"Telemidae","Usofila","USA","California","Trinity","11 mi E of Douglas City","11/7/1954","R Schuster, E Gilbert"
