Accession,Family,Genus,Country,State,County,Locality,Date,Collector,Latitude,Longitude
9038521,Telemidae,Usofila,USA,California,Alameda,Berkeley,2.iii.1958,LM Smith,37.87,-122.24
9038522,Telemidae,Usofila,USA,California,Alameda,Castro Valley,24.iii.1941,WM Pearce,37.73,-122.07
9038523,Telemidae,Usofila,USA,California,Alameda,"Niles, off Niles Cyn. on Palomares Rd.",2.i.1964,V Roth,37.6,-121.95
9038524,Telemidae,Usofila,USA,California,Alameda,Oakland,18.ii.1953,WG Bentinck,37.8,-122.16
9038525,Telemidae,Usofila,USA,California,Alameda,Oakland,25.i.1953,R Schuster,37.8,-122.16
9038526,Telemidae,Usofila,USA,California,Alameda,Oakland,18.ii.1953,WC Bentinck,37.8,-122.16
9038527,Telemidae,Usofila,USA,California,Alameda,Oakland,10.xii.1953,J Helfer,37.8,-122.16
9038628,Telemidae,Usofila,USA,California,Alameda,"Oakland, Mountain Blvd. and Park",17.x.1953,"Roth, Schuster",37.82,-122.2
9038529,Telemidae,Usofila,USA,California,Alameda,"Oakland, Mountain Blvd. and Park",17.x.1953,"Roth, Schuster",37.82,-122.2
9038744,Telemidae,Usofila,USA,California,Alameda,"Berkeley, Claremont Hotel",17.ii.1962,"PR Craig, DL Dailey",37.86,122.24
9038779,Telemidae,Usofila,USA,California,Alameda,"Berkeley, Woolsey Canyon, at end of LeConte St",21.xii.1983,"TS Briggs, VF Lee, D Ubick",37.87,-122.25
9038780,Telemidae,Usofila,USA,California,Alameda,"Niles, off Niles Cyn.",1.i.1964,V Roth,37.6,-121.95
9038530,Telemidae,Usofila,USA,California,Amador,"Connie's Cave, 0.5 mi NW Volcano",25.iii.1995,D Ubick,38.45,-120.64
9038531,Telemidae,Usofila,USA,California,Amador,"Lulu Bell Cave, nr Volcano",17.x.1987,D Ubick,38.45,-120.64
9038532,Telemidae,Usofila,USA,California,Amador,"Moss Cave, nr. Volcano",17.x.1987,D Ubick,38.45,-120.63
9038533,Telemidae,Usofila,USA,California,Amador,"Pardee Res., Chrome Cave",24.i.1981,D Ubick,38.29,-120.84
9038534,Telemidae,Usofila,USA,California,Amador,"Pardee Res., Chrome Cave",21.ix.1980,"TS Briggs, D Ubick",38.29,-120.84
9038535,Telemidae,Usofila,USA,California,Amador,"Pearl Cave, 0.2 mi. NE Volcano",13.ix.1980,"TS Briggs, D Ubick",38.45,-120.63
9038536,Telemidae,Usofila,USA,California,Amador,"Sutter Creek Cave, WSI #C-61, 3 mi w Volcano",15.vii.1995,"D Ubick, T Briggs, W Rauscher",38.44,-120.72
9038537,Telemidae,Usofila,USA,California,Amador,"Connie's Cave, 0.5 mi N Volcano",15.iv.1979,"Rudolph, Winterath, VanIngen, Dowan",38.45,-120.64
9038509,Telemidae,Usofila,USA,California,Butte,"Dry Creek Rd, 14 mi N Oroville",2.iii.1956,RO Schuster,39.7,-121.55
9038679,Telemidae,Usofila,USA,California,Calaveras,"Porcupine Cave, 3 mi N of Columbia",28.ii.1979,"DC Rudolph, S Winterath, B Martin",38.09,-120.42
9038725,Telemidae,Usofila,USA,California,Calaveras,"Fox Gulch, Lower von Trump Mine",23.ix.1975,"T Briggs, R Lem",38.07,-120.4
9038726,Telemidae,Usofila,USA,California,Calaveras,"Buckeye Cave, WSI #C-6, Murphys, twilight zone",11.vi.1994,D Ubick,38.45,-120.63
9038727,Telemidae,Usofila,USA,California,Calaveras,King Tut Cave,22.xii.1990,Dave Cowan,38.19,-120.5
9038728,Telemidae,Usofila,USA,California,Calaveras,"Cave of the Catacombs, Miller's Cave, Skull Cave, Stanford Grotto #139",1.ix.1961,RE Graham,38.19,-120.5
9038730,Telemidae,Usofila,USA,California,Calaveras,King Tut Cave,24.viii.1991,"T Briggs, D Cowan, G Malliet, D Ubick",38.19,-120.5
9038732,Telemidae,Usofila,USA,California,Calaveras,"Music Hall Cave, WSI #C-2, 4.5 mi ESE Angels Camp",14.v.1977,"AG Grubbs, S Winterath, M McEachern, N Boice",38.04,-120.46
9038733,Telemidae,Usofila,USA,California,Calaveras,"Kenny's Grotto, WSI # C-215",11.viii.1962,RE Graham,38.2,-120.5
9038734,Telemidae,Usofila,USA,California,Calaveras,"Shaw's Cave, Stanford Grotto #36",21.viii.1963,R Graham,38.16,-120.47
9038735,Telemidae,Usofila,USA,California,Calaveras,"Carlow's Bat Cavern, Carlos', 4.5 mi SE Angels Camp",25.v.1977,"AG Grubbs, D Broussard, S Winterath",38.05,-120.48
9038736,Telemidae,Usofila,USA,California,Calaveras,Cave of Quills,14.v.1960,RE Graham,38.2,-120.5
9038737,Telemidae,Usofila,USA,California,Calaveras,"Shaw's Cave, Stanford Grotto #36",31.iii.1961,RE Graham,38.16,-120.47
9038738,Telemidae,Usofila,USA,California,Calaveras,"Carlito's Cave, 4.5 mi SE Angels Camp",25.v.1977,AG Grubbs,38.02,-120.48
9038739,Telemidae,Usofila,USA,California,Calaveras,Dirty Fissure 4 mi ESE Angels Camp,25.v.1977,AG Grubbs,38.04,-120.46
9038740,Telemidae,Usofila,USA,California,Calaveras,"Shaw's Cave, Stanford Grotto #36",4.ix.1961,M Ivie,38.16,-120.47
9038741,Telemidae,Usofila,USA,California,Calaveras,Mercers Cave,13.viii.1962,RE Graham,38.15,-120.48
9038742,Telemidae,Usofila,USA,California,Calaveras,"Eagle View Cave #2, 2/1/2 mi NW Columbia",29.iii.1979,DC Rudolph,38.08,-120.46
9038743,Telemidae,Usofila,USA,California,Calaveras,"Shaw's Cave, Stanford Grotto #36",15.viii.1962,RE Graham,38.16,-120.47
9038744,Telemidae,Usofila,USA,California,Calaveras,"Striped Cave, 4.5 mi SE Angels Camp",25.v.1977,"AG Grubbs, O Broussard, S Winterath",38.03,-120.46
9038745,Telemidae,Usofila,USA,California,Calaveras,"Shaw's Cave, Stanford Grotto #36",31.viii.1961,RE Graham,38.16,-120.47
9038747,Telemidae,Usofila,USA,California,Calaveras,"Moaning Cave, Mays Cave",22.xiii.1963,R Graham,38.07,-120.47
9038749,Telemidae,Usofila,USA,California,Calaveras,Williams Cave,19.viii.1963,R Graham,38.2,-120.5
9038750,Telemidae,Usofila,USA,California,Calaveras,"Cave of the Catacombs, Miller's Cave, Skull Cave, Stanford Grotto #139",1.ix.1961,R Graham,38.19,-120.5
9038751,Telemidae,Usofila,USA,California,Calaveras,"Cave of Skulls, Frenchmen's Cave, Limestone Cave, Stanford Grotto #133, 3 mi N Columbia",29.iii.1979,"Rudolph, Martin, Winterath, Elliot, Reddell",38.07,-120.41
9038752,Telemidae,Usofila,USA,California,Calaveras,Cave of Quills,14.v.1960,R Graham,38.2,-120.5
9038753,Telemidae,Usofila,USA,California,Calaveras,"Linda's Cave, 4.5 mi SE Angels Camp",16.v.1977,"AG Grubbs, D Broussard, N Boice",38.03,-120.47
9038754,Telemidae,Usofila,USA,California,Calaveras,"Shaw's Cave, Stanford Grotto #36",21.xiii.1963,R Graham,38.16,-120.47
9038755,Telemidae,Usofila,USA,California,Calaveras,"Deer Cave, Brown Deer Cave, 7 mi ESE Angels Camp",27.iv.1977,AG Grubbs,38.04,-120.42
9038756,Telemidae,Usofila,USA,California,Calaveras,"Carlow's Cave, Carlos', 4.5 mi SE Angela Camp",16.v.1977,"AG Grubbs, N Boice, D Broussard",38.05,-120.48
9038757,Telemidae,Usofila,USA,California,Calaveras,"Cave City Cave, California Caverns, Great Cave of Calaveras, Calaveras Cave, Crystal Cave, Stanford Grotto #9-a and 9b; WSI #C-173 and C-174",13.vi.1960,,38.2,-120.51
9038758,Telemidae,Usofila,USA,California,Calaveras,"Shaw's Cave, Stanford Grotto #36",4.ix.1961,R Graham,38.16,-120.47
9038759,Telemidae,Usofila,USA,California,Calaveras,"Moaning Cave, Mays Cave",4.ix.1961,R Graham,38.07,-120.47
9038760,Telemidae,Usofila,USA,California,Calaveras,Pseudoscorpion Cave,17.viii.1963,R Graham,38.2,-120.5
9038761,Telemidae,Usofila,USA,California,Calaveras,"Mercers Cavern, Stanford Grotto",,E Danehy,38.15,-120.48
9038763,Telemidae,Usofila,USA,California,Calaveras,"Shaw's Cave, Stanford Grotto #36",4.ix.1961,M. Ivie,38.16,-120.47
9038764,Telemidae,Usofila,USA,California,Calaveras,Cave of Quills,14.v.1960,RE Graham,38.2,120.5
9038765,Telemidae,Usofila,USA,California,Calaveras,Cave of Quills,14.v.1960,RE Graham,38.2,-120.5
9038766,Telemidae,Usofila,USA,California,Calaveras,"Kenny's Grotto, WSI # C-215",11.viii.1972,R Graham,38.2,-120.5
9038767,Telemidae,Usofila,USA,California,Calaveras,"Shaw's Cave, Stanford Grotto #36",4.ix.1961,R Graham,38.16,-120.47
9038557,Telemidae,Usofila,USA,California,Contra Costa,"Mt. Diablo, N. Gate Rd.",22.ii.1991,D Ubick,37.88,-121.96
9038558,Telemidae,Usofila,USA,California,Contra Costa,"Mt. Diablo, N. Gate Rd.",22.ii.1991,D Ubick,37.88,-121.96
9038559,Telemidae,Usofila,USA,California,Contra Costa,"Mt. Diablo, N. Gate Rd.",22.ii.1991,D Ubick,37.88,-121.96
9038560,Telemidae,Usofila,USA,California,Contra Costa,Orinda (1 Mi. W.),12.xii.1953,V Roth,37.88,-122.23
9038561,Telemidae,Usofila,USA,California,Contra Costa,Orinda Village,5.xii.1953,W Ferguson,37.88,-122.23
9038562,Telemidae,Usofila,USA,California,Contra Costa,Redwood Park,18.v.1953,"R Schuster, EE Gilbert",37.8,-122.15
9038775,Telemidae,Usofila,USA,California,Contra Costa,Richmond Univ. Calif Richmond Field Station,27.iii.1961, ,37.92,-122.34
9038519,Telemidae,Usofila,USA,California,Del Norte,18mS Klamath,19.ix.1953,Gilbert-Schuster,41.26,-124.04
9038520,Telemidae,Usofila,USA,California,Del Norte,18mS Klamath,19.ix.1953,Gilbert-Schuster,41.26,-124.04
9038784,Telemidae,Usofila,USA,California,Del Norte,Jedediah Smith Redwoods State Park,20.iv.1994,LJ Boutin,41.8,-124.08
9038563,Telemidae,Usofila,USA,California,El Dorado,3 mi N Placerville,18.v.1961,RO Schuster,38.89,-120.82
9038564,Telemidae,Usofila,USA,California,El Dorado,Alabaster Cave,1.ix.1962,L Readdy,38.81,-121.08
9038565,Telemidae,Usofila,USA,California,El Dorado,Alabaster Cave,1.ix.1962,L Readdy,38.81,-121.08
9038566,Telemidae,Usofila,USA,California,El Dorado,Alabaster Cave,18.iii.1946,Marx,38.81,-121.08
9038568,Telemidae,Usofila,USA,California,El Dorado,Kyburg (Kyburz),2.vi.1962,SF Bailey,38.77,-120.29
9038569,Telemidae,Usofila,USA,California,El Dorado,Nr. Nashville,25.iv.1958,"LM Smith, RO Schuster",38.58,-120.84
9038570,Telemidae,Usofila,USA,California,El Dorado,Nr. Nashville,5.iii.1958,"LM Smith, RO Schuster",38.58,-120.84
9038571,Telemidae,Usofila,USA,California,El Dorado,Riverton,22.ii.1958,RO Schuster,38.77,-120.45
9038572,Telemidae,Usofila,USA,California,El Dorado,4 mi W of Kyburz,15.ix.1959,"WJ Gertsch, V Roth",38.77,-120.37
9038573,Telemidae,Usofila,USA,California,Humboldt,18 mi S Klamath,13.viii.1953,"GA Marsh, RO Schuster",41.26,-124.04
9038574,Telemidae,Usofila,USA,California,Humboldt,18 mi S Klamath,13.viii.1953,"GA Marsh, RO Schuster",41.26,-124.04
9038575,Telemidae,Usofila,USA,California,Humboldt,Orick,16.ix.1961,"W Ivie, WJ Gertsch",41.29,-124.06
9038576,Telemidae,Usofila,USA,California,Humboldt,14 mi. E. of Blue Lake,19.ix.1953,R Schuster,40.88,-123.72
9038577,Telemidae,Usofila,USA,California,Humboldt,Carlotta,15.ix.1961,"W Ivie, WJ Gertsch",40.54,-124.06
9038578,Telemidae,Usofila,USA,California,Humboldt,E of Calrotta,1.x.1959,VD Roth,40.54,-124.04
9038579,Telemidae,Usofila,USA,California,Humboldt,Big Lagoon,13.iv.1953,"GA Marsh, R Schuster",41.16,-124.13
9038580,Telemidae,Usofila,USA,California,Humbodlt,"Hoopa Vlly. Indian Resort, Tish-Tang-a-Tang Cmpgd.",30.vi.2006,"J Ledford, S Synhorst ",41.02,-123.64
9038769,Telemidae,Usofila,USA,California,Humboldt,Eureka,13.vii.1937,RVC,40.45,-124.1
9038773,Telemidae,Usofila,USA,California,Humboldt,Hwy 299 W of Willow Creek,21.iv.1994,LJ Boutin,40.93,-123.68
9038542,Telemidae,Usofila,USA,California,Kern,"Bodfish, Harrington Cave",30.ix.1980,TS Briggs,35.73,-118.35
9038704,Telemidae,Usofila,USA,California,Marin,6 mi E Point Reyes Sta,1.iii.1960,"Grigarick, Smith, Schuster",38.07,-122.7
9038705,Telemidae,Usofila,USA,California,Marin,"Novato, San Marin Dr.",14.iii.1982,D Ubick,38.13,-122.57
9038706,Telemidae,Usofila,USA,California,Marin,Black Point,24.iii.1960,RO Schuster,38.11,-122.51
9038707,Telemidae,Usofila,USA,California,Marin,Ross Bald Hill,01.iii.1991,"D Ubick, T Briggs",37.97,-122.58
9038708,Telemidae,Usofila,USA,California,Marin,Taylor St. Pk.,8.xi.1953,"V Roth, R Schuster",38.02,-122.72
9038709,Telemidae,Usofila,USA,California,Marin,"Novato, San Marin Dr.",7.iii.1982,D Ubick,38.13,-122.57
9038710,Telemidae,Usofila,USA,California,Marin,Ring Mountain,14.xi.1987,TS Briggs,37.91,-122.49
9038711,Telemidae,Usofila,USA,California,Marin,"SE slope Burdell Mtn, Buck Property (site 3)",08.iii.1991,D Ubick,38.13,-122.57
9038712,Telemidae,Usofila,USA,California,Marin,"Novato, San Marin Dr.",02.i.1986,D Ubick,38.13,-122.57
9038713,Telemidae,Usofila,USA,California,Marin,San Geronimo,15.i.1994,"D Ubick, J Boutin",38.01,-122.65
9038714,Telemidae,Usofila,USA,California,Marin,Novato: San Marin Dr.,23.ii.1986,D Ubick,38.13,-122.57
9038715,Telemidae,Usofila,USA,California,Marin,"SE slope Burdell Mtn, Buck Property (site 1)",08.iii.1991,D Ubick,38.13,-122.57
9038716,Telemidae,Usofila,USA,California,Marin,Novato: San Marin Dr. & Hwy. 101,7.iii.1982,D Ubick,38.12,-122.57
9038717,Telemidae,Usofila,USA,California,Marin,San Geronimo,30.i.1994,D Ubick,38.01,-122.65
9038718,Telemidae,Usofila,USA,California,Marin,Novato: San Marin Dr. & Hwy. 101,25.iv.1982,D Ubick,38.12,-122.57
9038719,Telemidae,Usofila,USA,California,Marin,South Tiburon: Marinero Ests,12.iii.1994,J Boutin,37.89,-122.46
9038720,Telemidae,Usofila,USA,California,Marin,South Tiburon: Marinero Ests,19.iii.1994,"D Ubick, J Boutin",37.89,-122.46
9038721,Telemidae,Usofila,USA,California,Marin,South Tiburon Ridge: Marinero Estates,27.ii.1993,"D Ubick, J Boutin, C Kellner",37.88,-122.45
9038722,Telemidae,Usofila,USA,California,Marin,"Novato, San Marin Dr.",07.xii.1985,D Ubick,38.13,-122.57
9038723,Telemidae,Usofila,USA,California,Marin,Novato: SE slope Burdell Mtn,16.iii.1990,"D Ubick, R Brig",38.13,-122.57
9038581,Telemidae,Usofila,USA,California,Mariposa,"Bull Creek Cave, 11 mi. E of Coulterville",7.iv.1979,"DC Rudolph, B Martin, S Winterath, D Cowan, T Lakner",37.71,-120
9038582,Telemidae,Usofila,USA,California,Mariposa,6 mi S Mather,4.ix.1958,V Roth,37.79,-119.85
9038583,Telemidae,Usofila,USA,California,Mariposa,Mariposa,4.iv.1953,R Schuster,37.48,-119.96
9038584,Telemidae,Usofila,USA,California,Mariposa,Mariposa,4.iv.1953,R Schuster,37.49,-119.98
9038585,Telemidae,Usofila,USA,California,Mariposa,Mariposa,4.iv.1953,R Schuster,37.48,-119.96
9038586,Telemidae,Usofila,USA,California,Mendocino,Jackson State Forest: Dunlap Camp 400',7.ix.1992,"D Ubick, J Boutin",39.43,-123.77
9038587,Telemidae,Usofila,USA,California,Mendocino,Jackson State Forest: Dunlap Camp 400',25.vii.1993,D Ubick,39.43,-123.77
9038588,Telemidae,Usofila,USA,California,Mendocino,"Jackson State Forest: Big River, 0.5 mi E Big R. Camp",15.ix.1990,D Ubick,39.43,-123.77
9038589,Telemidae,Usofila,USA,California,Mendocino,"Spyrock Road, 9.2 mi NE Hwy 101 (2100')",21.ix.1990,D Ubick,39.84,-123.52
9038590,Telemidae,Usofila,USA,California,Mendocino,"Tranquility, Caspar, 1.5 mi S",18.ix.1990,D Ubick,39.34,-123.81
9038591,Telemidae,Usofila,USA,California,Mendocino,"Caspar, 1.5 mi S, Tranquility ",04.v.1991,D Ubick,39.34,-123.81
9038592,Telemidae,Usofila,USA,California,Mendocino,"Covington Gulch at logging road, 2.5 mi E Hwy 1",20.vii.1990,D Ubick,39.41,-123.77
9038593,Telemidae,Usofila,USA,California,Mendocino,Fort Bragg,5.i.1957,JR Helfer,39.28,-123.5
9038594,Telemidae,Usofila,USA,California,Mendocino,Littleriver,3.v.1955,JR Helfer,39.28,-123.78
9038595,Telemidae,Usofila,USA,California,Mendocino,Mendocino,3.iii.1957,JR Helfer,39.31,-123.8
9038596,Telemidae,Usofila,USA,California,Mendocino,Mendocino,15.xi.1957,JR Helfer,39.31,-123.8
9038597,Telemidae,Usofila,USA,California,Mendocino,Mendocino,12.ii.1955,J Helfer,39.31,-123.8
9038598,Telemidae,Usofila,USA,California,Mendocino,Little River,3.viii.1957,"GA Marsh, JR Helfer",39.28,-123.78
9038599,Telemidae,Usofila,USA,California,Mendocino,"McKerricher Beach St. Pk., Cleone",17.iii.1958,JR Helfer,39.48,-123.79
9038600,Telemidae,Usofila,USA,California,Mendocino,Mendocino,15.iii.1958,JR Helfer,39.31,-123.8
9038778,Telemidae,Usofila,USA,California,Mendocino,Noyo R. 14.5 air mi E Ft. Bragg,25-26.v.1996,CE Griswold,39.43,-123.53
9038781,Telemidae,Usofila,USA,California,Monterey,"Pfeiffer, Big Sur State Park",2.v.1964,PR & DL Craig,36.06,-121.59
9038601,Telemidae,Usofila,USA,California,Monterey,Limekiln Creek,30-31.v.1991,D Ubick,36.05,-121.56
9038602,Telemidae,Usofila,USA,California,Napa,Mt. St. Helena,30.v.1949,EI Schlinger,38.5,-122.47
9038603,Telemidae,Usofila,USA,California,Napa,Mt. St. Helena,31.xii.1953,"G Marsh, R Schuster, V Roth",38.5,-122.47
9038604,Telemidae,Usofila,USA,California,Napa,9 mi S of Monticello,19.i.1958,RO Schuster,38.43,-122.21
9038605,Telemidae,Usofila,USA,California,Napa,5 mi S of Monticello,6.i.1957,RO Schuster,38.51,-122.21
9038606,Telemidae,Usofila,USA,California,Napa,9 mi S Monticello,22.i.1958,"F Raney, RO Schuster",38.43,-122.21
9039607,Telemidae,Usofila,USA,California,Napa,9 mi S Monticello,19.i.1958,RO Schuster,38.43,-122.21
9038608,Telemidae,Usofila,USA,California,Napa,7mW Oakville,13.xii.1957,"LM Smith, RO Schuster",38.44,-122.54
9038609,Telemidae,Usofila,USA,California,Napa,7 mi. E Rutherford,6.i.1957,RO Schuster,38.45,-122.21
9038610,Telemidae,Usofila,USA,California,Napa,3 mi NNE St. Helena,15.xii.1958,F Raney,38.54,-122.49
9038611,Telemidae,Usofila,USA,California,Napa,9 mi S Monticello,22.1.1958,"F Raney, RO Schuster",38.43,-122.21
9038612,Telemidae,Usofila,USA,California,Napa,7 mi W Oakville,15.ii.1954,"VD Roth, R Schuster",44.51,-123.41
9038613,Telemidae,Usofila,USA,California,Napa,3 mi N of Calistoga,31.xii.1953,"GA Marsh, RO Schuster, V Roth",38.62,-122.58
9038614,Telemidae,Usofila,USA,California,Napa,10 mi S of Monticello,6.i.1957,RO Schuster,38.41,-122.2
9038615,Telemidae,Usofila,USA,California,Napa,Wooden Valley,29.iv.1962,SF Bailey,38.36,-122.17
9038616,Telemidae,Usofila,USA,California,Napa,10 mi S Monticello,17.iii.1957,RO Schuster,38.41,-122.2
9038618,Telemidae,Usofila,USA,California,Napa,Bale Mill,22.v.1962,SF Bailey,38.54,-122.51
9038619,Telemidae,Usofila,USA,California,Napa,10 mi S of Monticello,12.v.1957,"LM Smith, RO Schuster",38.41,-122.2
9038620,Telemidae,Usofila,USA,California,Napa,4 mi N of St. Helena,31.xii.1953,"GA Marsh, RO Schuster, VD Roth",38.56,-122.47
9038621,Telemidae,Usofila,USA,California,Napa,Mt. St. Helena,14.iii.1954,R Schuster,38.5,-122.47
9038622,Telemidae,Usofila,USA,California,Napa,10 mi S of Monticello,16.iii.1957,RO Schuster,38.41,-122.2
9038623,Telemidae,Usofila,USA,California,Napa,"Rutherford, I-3-58 F Raney",3.i.1958,RO Schuster,38.54,-122.47
9038500,Telemidae,Usofila,USA,California,Placer,4mW Newcastle,10.iii.1959,"LM Smith, RO Schuster",38.88,-121.21
9038501,Telemidae,Usofila,USA,California,Placer,4mW Newcastle,3.i.1959,"F Raney, RO Schuster",38.88,-121.21
9038502,Telemidae,Usofila,USA,California,Placer,4mW Newcastle,10.iii.1959,"LM Smith, RO Schuster",38.88,-121.21
9038503,Telemidae,Usofila,USA,California,Placer,4mW Newcastle,21.iii.1958,"H Lange, LM Smith, RO Schuster",38.88,-121.21
9038504,Telemidae,Usofila,USA,California,Placer,4mW Newcastle,3.i.1959,"F Raney, RO Schuster",38.88,-121.21
9038505,Telemidae,Usofila,USA,California,Placer,4mW Newcastle,19.iii.1959,"LM Smith, RO Schuster",38.88,-121.21
9038506,Telemidae,Usofila,USA,California,Placer,4mW Newcastle,10.iii.1959,"LM Smith, RO Schuster",38.88,-121.21
9038507,Telemidae,Usofila,USA,California,Placer,Newcastle,12.iii.1958,"LM Smith, RO Schuster",38.88,-121.21
9038515,Telemidae,Usofila,USA,California,Plumas,"Juniper Cave, WSI #C-96, C-103 and C-105, 10 mi SE Quincy",19.ix.1959,R Graham,39.83,-120.82
9038517,Telemidae,Usofila,USA,California,Plumas,Soda Springs Cave,5.ix.1961,R Graham,39.37,-120.35
9038518,Telemidae,Usofila,USA,California,San Bernandino,Crystal Kokoweah Cave nr. Mtn. Pass,1.iv.1972,TS Briggs,35.41,-115.49
9038511,Telemidae,Usofila,USA,California,San Francisco,SF Golden State Park,10.ii.1954,R Schuster,37.77,-122.5
9038553,Telemidae,Usofila,USA,California,San Mateo,1 mi S La Honda,29.vi.1990,D Ubick,37.3,-122.27
9038554,Telemidae,Usofila,USA,California,San Mateo,"Alpine Road, 0.5 mi SE Pescadero Rd.",18.xi.1988,D Ubick,37.29,-122.24
9038555,Telemidae,Usofila,USA,California,San Mateo,E end Purisima Ck. Redwoods Open Space,16.V.1991,D Ubick,37.45,-122.34
9038556,Telemidae,Usofila,USA,California,San Mateo,"Scarper Peak Road, 1.3 mi SE El Granada-Pilarcitos Lake Rd.",13.vii.2001,"TS Briggs, D + S Ubick",37.5,-122.45
9038770,Telemidae,Usofila,USA,California,San Mateo,Pescadero Beach RB-1,5.xi.1961,"PR Craig, D Dailey, R Dailey",37.26,-122.4
9038782,Telemidae,Usofila,USA,California,San Mateo,Purisima Co. Park,13.ix.1986,"T Briggs, T Ohsumi",34.67,-120.42
9038785,Telemidae,Usofila,USA,California,San Mateo,"Edgewood Co. Park, Serpentine Trail",2.i.1987,"TS Briggs, VF Lee, D Ubick",37.42,-122.31
9038624,Telemidae,Usofila,USA,California,Santa Clara,9.0 mi N Bell Station,10.ii.1991,D Ubick,37.17,-121.31
9038625,Telemidae,Usofila,USA,California,Santa Clara,Henry Coe St. Pk: midway bet Manzanita Pt. Group Comp and Madrone Soda Spr.,11.iii.1989,D Ubick,37.17,-121.49
9038626,Telemidae,Usofila,USA,California,Santa Clara,Henry Coe St. Pk: 9.2 mi N Bell Station: N Fork Pacheco Ck,31.iii.1989,D Ubick,37.17,-121.31
9038627,Telemidae,Usofila,USA,California,Santa Clara,"Santa Teresa County Park, Serpentine Grassland",20.ii.1989,D Ubick,37.22,-121.79
9038628,Telemidae,Usofila,USA,California,Santa Clara,Mt. Madonna,2.i.1954,R Burdick,38.63,-122.58
9038629,Telemidae,Usofila,USA,California,Santa Clara,Stevens Creek,2.vi.1957,RO Schuster,37.42,-122.07
9038724,Telemidae,Usofila,USA,California,Santa Clara,Santa Teresa County Park,26.i.1990,D Ubick,37.22,-121.79
9038776,Telemidae,Usofila,USA,California,Santa Clara,1.8 mi N of US Hwy 101 on Metcalf Road,2.i.1983,"TS Briggs, D Ubick, VF Lee",37.27,-121.71
9038543,Telemidae,Usofila,USA,California,Santa Cruz,6mNE Boulder Cr.,28.viii.1957,I Newell,37.2,-122.06
9038544,Telemidae,Usofila,USA,California,Santa Cruz,Big Basin,14.vi.1953,PP Cook,37.17,122.22
9038545,Telemidae,Usofila,USA,California,Santa Cruz,Boulder Creek,23.xii.1953,V Roth,37.13,-122.13
9038546,Telemidae,Usofila,USA,California,Santa Cruz,Cave Gulch at Empire Grade Rd.,18.ii.1991,D Ubick,36.99,-122.07
9038547,Telemidae,Usofila,USA,California,Santa Cruz,"Cave Gulch, Santa Cruz Mountains",6.v.1984,,36.99,-122.07
9038548,Telemidae,Usofila,USA,California,Santa Cruz,"Cave Gulch, Santa Cruz Mountains",18.vi.1984,,36.99,-122.07
9034549,Telemidae,Usofila,USA,California,Santa Cruz,Empire Cave,8.vii.1989,"D Ubick, S Fend, S Renkes",36.99,-122.07
9038550,Telemidae,Usofila,USA,California,Santa Cruz,Dolloff Cave,28.viii.1963,R Graham,36.99,-122.07
9034551,Telemidae,Usofila,USA,California,Santa Cruz,"Empire Grade Rd, 0.3 mi s Ben Lomond Youth Cmp.",18.ii.1991,D Ubick,37.06,-122.13
9034552,Telemidae,Usofila,USA,California,Santa Cruz,"Santa Cruz, IXL Cave, Hell Hole Cave",21.iv.1979,"Rudolph, Dowan, canIngen",36.99,-122.07
9038682,Telemidae,Usofila,USA,California,Shasta,"Samwel Cave, 7 mi S Point McCloud Resort, Shasta Lake",ix.1961,R Graham,40.92,-122.23
9038683,Telemidae,Usofila,USA,California,Shasta,8 mi S Dunsmuir,11.vii.1954,"R Schuster, E Gilbert",41.12,-122.27
9038684,Telemidae,Usofila,USA,California,Shasta,"Samwel Cave, Stanford Grotto #23",14.vi.1959,,40.92,-122.23
9038685,Telemidae,Usofila,USA,California,Shasta,"Samwell Cave, 25 mi N Redding",9.iv.1979,"Rudolph, Martin, Winterath",40.92,-122.23
9038686,Telemidae,Usofila,USA,California,Shasta,Potter Creek Cave,7.ix.1961,R Graham,40.78,-122.28
9038687,Telemidae,Usofila,USA,California,Shasta,"Samwel Cave, Stanford Grotto #23",7.ix.1961,Graham,40.92,-122.23
9038688,Telemidae,Usofila,USA,California,Shasta,Subway Cave,28.vi.1960,R Graham,40.69,-121.41
9038689,Telemidae,Usofila,USA,California,Shasta,"Samwel Cave, Stanford Grotto #23",14.iv.2000,JM Ledford,40.92,-122.23
9038690,Telemidae,Usofila,USA,California,Shasta,"Samwel Cave, Stanford Grotto #23",6.viii.1989,D Ubick,40.92,-122.23
9038691,Telemidae,Usofila,USA,California,Shasta,"Samwel Cave, Stanford Grotto #23",13.vi.1959,,40.92,-122.23
9038692,Telemidae,Usofila,USA,California,Shasta,Subway Cave,28.vi.1960,R Graham,40.69,-121.41
9038693,Telemidae,Usofila,USA,California,Shasta,"Samwel Cave, Stanford Grotto #23",27.ix.1959,RE Graham,40.92,-122.23
9038694,Telemidae,Usofila,USA,California,Shasta,"Samwel Cave, Stanford Grotto #23",17.vi.1959,,40.92,-122.23
9038695,Telemidae,Usofila,USA,California,Shasta,"Samwel Cave, Stanford Grotto #23",vi.1959,RE Graham,40.92,-122.23
9038696,Telemidae,Usofila,USA,California,Shasta,8 mi S Dunsmuir,11.vii.1954,"RO Schuster, EE Gilbert",41.12,-122.27
9038697,Telemidae,Usofila,USA,California,Shasta,Samwel Cave,14.vi.1959,REG,40.92,-122.23
9038698,Telemidae,Usofila,USA,California,Shasta,"Samwel Cave, Stanford Grotto #23",19.xii.1959,RE Graham,40.92,-122.23
9038699,Telemidae,Usofila,USA,California,Shasta,"Samwel Cave, Stanford Grotto #23",28.iv.1959,,40.92,-122.23
9038700,Telemidae,Usofila,USA,California,Shasta,Potter Creek Cave,8.vi.1995,D Ubick,40.78,-122.28
9038701,Telemidae,Usofila,USA,California,Shasta,"Samwel Cave, Stanford Grotto #23",30.viii.1996,D Ubick,40.92,-122.23
9038702,Telemidae,Usofila,USA,California,Shasta,"Samwel Cave, Shasta Lake",2.iv.1960,"WJ Gertsch, R Schrammel",40.69,-121.41
9038703,Telemidae,Usofila,USA,California,Shasta,Madrone Camp (7.5 air miles E Samwell Cave,07.viii.1989,D Ubick,40.91,-122.09
9038771,Telemidae,Usofila,USA,California,Shasta,Potter Creek Cave,8.vi.1995,D Ubick,40.78,-122.28
9038777,Telemidae,Usofila,USA,California,Shasta,Dekkas Rock at Gilman Rd,9.vi.1995,D Ubick,40.88,-122.24
9038783,Telemidae,Usofila,USA,California,Shasta,"Samwel Cave, Stanford Grotto #23",7.vi.1995,D Ubick,40.92,-122.23
9038538,Telemidae,Usofila,USA,California,Sierra,"Big Springs, 3 mi E Sierra City",17.viii.1991,D Ubick,39.58,-120.6
9038512,Telemidae,Usofila,USA,California,Siskiyou,1 mi S of Somes Bar,22.viii.1959,"V Roth, WJ Gertsch",41.36,-123.46
9038513,Telemidae,Usofila,USA,California,Siskiyou,"3.5 air mi W Gazelle, True Shasta View Cave",17.vi.1989,D Ubick,41.52,-122.59
9038630,Telemidae,Usofila,USA,California,Sonoma,"Sonoma Mtn., Carriger Ck. At Canyon Dr.",11.ii.1983,"TS Briggs, D Ubick, V F Lee",38.33,-122.57
9038631,Telemidae,Usofila,USA,California,Sonoma,2.5 mi E. Healdsburg,07.xii.1980,D Ubick,38.62,-122.82
9038632,Telemidae,Usofila,USA,California,Sonoma,"Canyon Drive, Deer Park Drive, 3.5 mi W. of El Verano",11.ii.1983,"TS Briggs, D Ubick, V F Lee",38.3,-122.56
9038633,Telemidae,Usofila,USA,California,Sonoma,nr. El Verano Jct. Spring and Prospect Rds. at Diamond Estates Rec. Area,18.i.1988,T Briggs,38.31,-122.54
9038634,Telemidae,Usofila,USA,California,Sonoma,Mark West,14.iii.1954,J Helfer,38.55,-122.72
9038636,Telemidae,Usofila,USA,California,Sonoma,Mark West Resort,22.i.1958,"F Raney, RO Schuster",38.55,-122.73
9038637,Telemidae,Usofila,USA,California,Sonoma,Mark West Springs,31.xii.1953,"Marsh, Roth, Schuster",38.55,-122.72
9038638,Telemidae,Usofila,USA,California,Sonoma,Mark West Springs,31.xii.1953,"GA Marsh, RO Schuster, VD Roth",38.55,-122.72
9038639,Telemidae,Usofila,USA,California,Sonoma,Petrified Forest,21.xi.1953,J Helfer,38.56,-122.64
9038640,Telemidae,Usofila,USA,California,Sonoma,3 mi W of Glen Ellen,31.xii.1953,"Marsh, Roth, Schuster",38.36,-122.59
9038541,Telemidae,Usofila,USA,California,Solano,1mW Cordelia,11.ii.1960,FC Raney,38.21,-122.18
9038793,Telemidae,Usofila,USA,California,Sonoma,"SE of Monte Rio, Bohemian Hwy",9.i.2007,"D Ubick, T Briggs",38.27,-122.59
9038539,Telemidae,Usofila,USA,California,Stanislaus,17.8 mi N Bell Station,10.ii.1991,D Ubick,37.45,-121.33
9038540,Telemidae,Usofila,USA,California,Stanislaus,Henry Coe St. Pk: 15.0 mi N Bell Station: S Fork Orestimba Ck,31.iii.1989,D Ubick,37.2,-121.45
9038510,Telemidae,Usofila,USA,California,Tehama,4 mi W Mineral,26.vi.1954,R Schuster,40.35,-121.67
9038641,Telemidae,Usofila,USA,California,Trinity,"Indian Valley Ck., just E. of Cave",27.x.1990,D Ubick,40.51,-123.31
9038642,Telemidae,Usofila,USA,California,Trinity,"Indian Valley Ck. Cave, 4 air mi SSE Hyampom",31.viii.1996,D Ubick,40.51,-123.31
9038643,Telemidae,Usofila,USA,California,Trinity,"Big Slide Cmpg., N of Hyampom",13.viii.1990,D Ubick,40.66,-123.5
9038644,Telemidae,Usofila,USA,California,Trinity,Indian Valley Creek Cave,27.x.1990,"D Ubick, W Rauscher",40.51,-123.31
9038645,Telemidae,Usofila,USA,California,Trinity,Cave nr. Forest Glen Cave,20.x.1989,D Ubick,40.38,-123.33
9038646,Telemidae,Usofila,USA,California,Trinity,11 mi E of Douglas City,11.vii.1954,"R Schuster, E Gilbert",40.65,-122.73
9038915,Telemidae,Usofila,USA,California,Tulare,"Sequoia Nat'l Park, Clough Cave",22.vi.2000,"JM Ledford, J Despaine",36.35,-118.76
9038647,Telemidae,Usofila,USA,California,Tulare,"Clough Cave, Ladder Room, Sequoia N. P.",5.iv.1990,"Tyson, Brigman, Jeffery",36.35,-118.77
9038648,Telemidae,Usofila,USA,California,Tulare,"Clough Cave, Sequoia N.P.",5.iv.1990,"Tyson, Brigman, Jeffery",36.35,-118.77
9038649,Telemidae,Usofila,USA,California,Tulare,"Clough Cave, 15 mi SE Three Rivers ",18.iv.1979,"Rudolph, vanIngen",36.35,-118.77
9038650,Telemidae,Usofila,USA,California,Tulare,"Clough Cave, 15 mi SE Three Rivers ",18.iv.1979,"Rudolph, vanIngen",36.35,-118.77
9038651,Telemidae,Usofila,USA,California,Tulare,Clough Cave,27.vii.1991,D Ubick,36.35,-118.77
9038652,Telemidae,Usofila,USA,California,Tulare,Kaweah Cave (nr. Ash Mountain),26.vii.1991,D Ubick,36.49,-118.82
9038654,Telemidae,Usofila,USA,California,Tulare,Kaweah Cave,28.iv.2004,"J Krejca, P Sprouse, S Fryer, D Ubick, P. Paquin, W. Savary",36.49,-118.82
9038656,Telemidae,Usofila,USA,California,Tulare,Clough Cave,27.iv.2004,"J Krejca, P Sprouse, S Fryer, D Ubick, P. Paquin",36.35,-118.77
9038657,Telemidae,Usofila,USA,California,Tulare,Clough Cave,04.v.2004,"J Krejca, S Fryer, J Snow, P Sprouse",36.35,-118.77
9038658,Telemidae,Usofila,USA,California,Tulare,Clough Cave,27.iv.2004,"J Krejca, P Sprouse, S Fryer, D Ubick, P. Paquin",36.35,-118.77
9038659,Telemidae,Usofila,USA,California,Tulare,Clough Cave,19.xi.2003,"J Krejca, V Loftin",36.35,-118.77
9038660,Telemidae,Usofila,USA,California,Tulare,Clough Cave,27.iv.2004,"J Krejca, P Sprouse, S Fryer, D Ubick, P. Paquin",36.35,-118.77
9038661,Telemidae,Usofila,USA,California,Tulare,Clough Cave,27.iv.2004,"J Krejca, P Sprouse, S Fryer, D Ubick, P. Paquin",36.35,-118.77
9038662,Telemidae,Usofila,USA,California,Tulare,Clough Cave,19.xi.2003,"J Krejca, V Loftin",36.35,-118.77
9038663,Telemidae,Usofila,USA,California,Tulare,Kaweah Cave,28.iv.2004,"J Krejca, P Sprouse, S Fryer, D Ubick, P. Paquin, W. Savary",36.49,-118.82
9039487,Telemidae,Usofila,USA,California,Tulare,Kaweah Cave,13.viii.2003,"J. Krejca, S. Taylor",36.49,-118.82
9039488,Telemidae,Usofila,USA,California,Tulare,Kaweah Cave,17.xi.2003,"J. Krejca, V. Loftin",36.49,-118.82
9039489,Telemidae,Usofila,USA,California,Tulare,Kaweah Cave,13.viii.2003,"J. Krejca, S. Taylor",36.49,-118.82
9038655,Telemidae,Usofila,USA,California,Tuolumne,"Pinnacle Point Cave, 16.7 km N Sonora",20.i.1978,"WR Elliott, AG Grubbs, SA Winterath",38.13,-120.38
9038664,Telemidae,Usofila,USA,California,Tuolumne,"Pinnacle Point Cave, 10 mi NE Angels Camp",1.v.1977,"AG Grubbs, J Davis, N Boice, McEachprn",38.13,-120.38
9038665,Telemidae,Usofila,USA,California,Tuolumne,Stanislaus Canyon,28.iii.1979,J Reddell,37.41,-121.41
9038666,Telemidae,Usofila,USA,California,Tuolumne,"McLean's Cave,WSI #C-146, 4.6 km NNW Columbia",18.xii.1977,"AG Grubbs, SA Winterath",38.07,-120.42
9038667,Telemidae,Usofila,USA,California,Tuolumne,"Transplant Mine, 3.7 km N Columbia",10.i.1978,"WR Elliott, AG Grubbs, SA Winterath",38.05,-120.39
9038668,Telemidae,Usofila,USA,California,Tuolumne,"Mine Cave, 2 mi NW Columbia",1.iv.1979,"Rudolph, Martin, S Winterath",38.05,-120.39
9038670,Telemidae,Usofila,USA,California,Tuolumne,"McLean's Cave, WSI #C-146",2.i.1978,"WR Elliott, AG Grubbs, SA Winterath",38.07,-120.42
9038672,Telemidae,Usofila,USA,California,Tuolumne,"Crystal Palace Cave, WSI #C-60 and C-64, 5 km N of Columbia",21.ii.1977,"WR Elliott, AG Grubbs, SA Winterath",38.08,-120.4
9038673,Telemidae,Usofila,USA,California,Tuolumne,"T3N R14E, 2.5 mi NW Columbia",12.ii.1979,"DC Rudolph, S Winterath",38.05,-120.37
9038674,Telemidae,Usofila,USA,California,Tuolumne,"McLean's Cave, WSI #C-146, 3 mi N Columbia",25.iii.1979,"Rudolph, Martin, Winterath, Elliot, Reddell",38.07,-120.42
9038675,Telemidae,Usofila,USA,California,Tuolumne,"McLean's Cave, WSI #C-146, 4.6 km NNW Columbia",14.xii.1977,"WR Elliott, AG Grubbs, SA Winterath",38.06,-120.43
9038676,Telemidae,Usofila,USA,California,Tuolumne,"Crystal Palace Cave, WSI #C-60 and C-64, 3 mi N of Columbia",25.iii.1979,"Rudolph, Martin",38.08,-120.4
9038677,Telemidae,Usofila,USA,California,Tuolumne,"Mine, 2 mi N of Columbia",17.iv.1979,"DC Rudolph, S Winterath",38.05,-120.39
9038678,Telemidae,Usofila,USA,California,Tuolumne,"Transplant Mine, 3.7 km N Columbia",10.i.1978,"WR Elliott, AG Grubbs, SA Winterath",38.05,-120.39
9038680,Telemidae,Usofila,USA,California,Tuolumne,"Crystal Palace Cave, WSI #C-60 and C-64, 3 mi N of Columbia",4.ii.1979,"DC Rudolph, S Winterath",38.08,-120.4
9038681,Telemidae,Usofila,USA,California,Tuolumne,"McLeans Cave, WSI #C-146, 7 mi E Angels Camp",12.v.1977,"AG Grubbs, S Winterrath, D Broussard",38.07,-120.42
9038731,Telemidae,Usofila,USA,California,Tuolumne,McLean's Cave,iii.1977,T Brigg,38.07,-120.42
9038999,Telemidae,Usofila,USA,California,Tuolumne,"2.5 mi N of Columbia, Mclean's Cave",5.iii.1981,"DH Kavanaugh, GC Hunter, D Ubick",38.07,-120.42
9038508,Telemidae,Usofila,USA,California,Yolo,3miN Rumsey,9.ii.1960,"Smith, Schuster",38.93,-122.24